INSERT INTO `orders` (id,desired_date,desired_shift,order_type,purchase_order_number,client_id,address_id,mode,volume,unit_quantity,unit_type,load_id,created_at,updated_at,stop_num) VALUES (391,'2014-09-15','M','Delivery','500402210',321,321,'TRUCKLOAD',-10068.0,3,'box',NULL,'2016-06-18 12:19:30.106838','2016-06-18 12:19:30.106838',NULL);
INSERT INTO `orders` (id,desired_date,desired_shift,order_type,purchase_order_number,client_id,address_id,mode,volume,unit_quantity,unit_type,load_id,created_at,updated_at,stop_num) VALUES (392,'2014-09-15','M','Delivery','500398675',322,322,'TRUCKLOAD',69.67,4,'box',NULL,'2016-06-18 12:19:30.176042','2016-06-18 12:19:30.176042',NULL);
INSERT INTO `orders` (id,desired_date,desired_shift,order_type,purchase_order_number,client_id,address_id,mode,volume,unit_quantity,unit_type,load_id,created_at,updated_at,stop_num) VALUES (393,'2014-09-15','M','Delivery','500398650',323,323,'TRUCKLOAD',769.2,7,'box',NULL,'2016-06-18 12:19:30.242715','2016-06-18 12:19:30.242715',NULL);
INSERT INTO `orders` (id,desired_date,desired_shift,order_type,purchase_order_number,client_id,address_id,mode,volume,unit_quantity,unit_type,load_id,created_at,updated_at,stop_num) VALUES (394,'2014-09-15','M','Delivery','500393065',324,324,'TRUCKLOAD',24.77,1,'box',NULL,'2016-06-18 12:19:30.309399','2016-06-18 12:19:30.309399',NULL);
INSERT INTO `orders` (id,desired_date,desired_shift,order_type,purchase_order_number,client_id,address_id,mode,volume,unit_quantity,unit_type,load_id,created_at,updated_at,stop_num) VALUES (395,'2014-09-15',NULL,'Delivery','500394835',325,325,'TRUCKLOAD',33.0,1,'box',NULL,'2016-06-18 12:19:30.373963','2016-06-18 12:19:30.373963',NULL);
INSERT INTO `orders` (id,desired_date,desired_shift,order_type,purchase_order_number,client_id,address_id,mode,volume,unit_quantity,unit_type,load_id,created_at,updated_at,stop_num) VALUES (396,'2014-09-15',NULL,'Delivery','500401170',325,325,'TRUCKLOAD',34.65,2,'box',NULL,'2016-06-18 12:19:30.402737','2016-06-18 12:19:30.402737',NULL);
INSERT INTO `orders` (id,desired_date,desired_shift,order_type,purchase_order_number,client_id,address_id,mode,volume,unit_quantity,unit_type,load_id,created_at,updated_at,stop_num) VALUES (397,'2014-09-15',NULL,'Delivery','500376825',326,326,'TRUCKLOAD',14.76,4,'box',NULL,'2016-06-18 12:19:30.467782','2016-06-18 12:19:30.467782',NULL);
INSERT INTO `orders` (id,desired_date,desired_shift,order_type,purchase_order_number,client_id,address_id,mode,volume,unit_quantity,unit_type,load_id,created_at,updated_at,stop_num) VALUES (398,'2014-09-15',NULL,'Delivery','500391915',327,327,'TRUCKLOAD',104.25,13,'box',NULL,'2016-06-18 12:19:30.534842','2016-06-18 12:19:30.534842',NULL);
INSERT INTO `orders` (id,desired_date,desired_shift,order_type,purchase_order_number,client_id,address_id,mode,volume,unit_quantity,unit_type,load_id,created_at,updated_at,stop_num) VALUES (399,'2014-09-15',NULL,'Delivery','500397285',328,328,'TRUCKLOAD',19.5,4,'box',NULL,'2016-06-18 12:19:30.636826','2016-06-18 12:19:30.636826',NULL);
INSERT INTO `orders` (id,desired_date,desired_shift,order_type,purchase_order_number,client_id,address_id,mode,volume,unit_quantity,unit_type,load_id,created_at,updated_at,stop_num) VALUES (400,'2014-09-15',NULL,'Delivery','500400725',329,329,'TRUCKLOAD',64.4,4,'box',NULL,'2016-06-18 12:19:30.704397','2016-06-18 12:19:30.704397',NULL);
INSERT INTO `orders` (id,desired_date,desired_shift,order_type,purchase_order_number,client_id,address_id,mode,volume,unit_quantity,unit_type,load_id,created_at,updated_at,stop_num) VALUES (401,'2014-09-15',NULL,'Delivery','500402950',330,330,'TRUCKLOAD',182.0,3,'box',NULL,'2016-06-18 12:19:30.769576','2016-06-18 12:19:30.769576',NULL);
INSERT INTO `orders` (id,desired_date,desired_shift,order_type,purchase_order_number,client_id,address_id,mode,volume,unit_quantity,unit_type,load_id,created_at,updated_at,stop_num) VALUES (402,'2014-09-15','M','Delivery','500401180',331,331,'TRUCKLOAD',22.62,2,'box',NULL,'2016-06-18 12:19:30.835628','2016-06-18 12:19:30.835628',NULL);
INSERT INTO `orders` (id,desired_date,desired_shift,order_type,purchase_order_number,client_id,address_id,mode,volume,unit_quantity,unit_type,load_id,created_at,updated_at,stop_num) VALUES (403,'2014-09-15','M','Delivery','500400945',332,332,'TRUCKLOAD',42.21,6,'box',NULL,'2016-06-18 12:19:30.903059','2016-06-18 12:19:30.903059',NULL);
INSERT INTO `orders` (id,desired_date,desired_shift,order_type,purchase_order_number,client_id,address_id,mode,volume,unit_quantity,unit_type,load_id,created_at,updated_at,stop_num) VALUES (404,'2014-09-15',NULL,'Delivery','500402400',333,333,'TRUCKLOAD',218.5,4,'box',NULL,'2016-06-18 12:19:30.970267','2016-06-18 12:19:30.970267',NULL);
INSERT INTO `orders` (id,desired_date,desired_shift,order_type,purchase_order_number,client_id,address_id,mode,volume,unit_quantity,unit_type,load_id,created_at,updated_at,stop_num) VALUES (405,'2014-09-15',NULL,'Delivery','500402340',334,334,'TRUCKLOAD',150.91,2,'box',NULL,'2016-06-18 12:19:31.036632','2016-06-18 12:19:31.036632',NULL);
INSERT INTO `orders` (id,desired_date,desired_shift,order_type,purchase_order_number,client_id,address_id,mode,volume,unit_quantity,unit_type,load_id,created_at,updated_at,stop_num) VALUES (406,'2014-09-15',NULL,'Delivery','500401570',335,335,'TRUCKLOAD',75.65,5,'box',NULL,'2016-06-18 12:19:31.102836','2016-06-18 12:19:31.102836',NULL);
INSERT INTO `orders` (id,desired_date,desired_shift,order_type,purchase_order_number,client_id,address_id,mode,volume,unit_quantity,unit_type,load_id,created_at,updated_at,stop_num) VALUES (407,'2014-09-15',NULL,'Delivery','500403620',335,335,'TRUCKLOAD',0.0,0,'box',NULL,'2016-06-18 12:19:31.131396','2016-06-18 12:19:31.131396',NULL);
INSERT INTO `orders` (id,desired_date,desired_shift,order_type,purchase_order_number,client_id,address_id,mode,volume,unit_quantity,unit_type,load_id,created_at,updated_at,stop_num) VALUES (408,'2014-09-15','M','Delivery','500399725',336,336,'TRUCKLOAD',170.73,5,'box',NULL,'2016-06-18 12:19:31.198419','2016-06-18 12:19:31.198419',NULL);
INSERT INTO `orders` (id,desired_date,desired_shift,order_type,purchase_order_number,client_id,address_id,mode,volume,unit_quantity,unit_type,load_id,created_at,updated_at,stop_num) VALUES (409,'2014-09-15','M','Delivery','500395000',337,337,'TRUCKLOAD',132.0,3,'box',NULL,'2016-06-18 12:19:31.263000','2016-06-18 12:19:31.263000',NULL);
INSERT INTO `orders` (id,desired_date,desired_shift,order_type,purchase_order_number,client_id,address_id,mode,volume,unit_quantity,unit_type,load_id,created_at,updated_at,stop_num) VALUES (410,'2014-09-15','M','Delivery','500399165',338,338,'TRUCKLOAD',174.57,4,'box',NULL,'2016-06-18 12:19:31.331463','2016-06-18 12:19:31.331463',NULL);
INSERT INTO `orders` (id,desired_date,desired_shift,order_type,purchase_order_number,client_id,address_id,mode,volume,unit_quantity,unit_type,load_id,created_at,updated_at,stop_num) VALUES (411,'2014-09-15',NULL,'Delivery','500384925',339,339,'TRUCKLOAD',32.5,2,'box',NULL,'2016-06-18 12:19:31.399955','2016-06-18 12:19:31.399955',NULL);
INSERT INTO `orders` (id,desired_date,desired_shift,order_type,purchase_order_number,client_id,address_id,mode,volume,unit_quantity,unit_type,load_id,created_at,updated_at,stop_num) VALUES (412,'2014-09-15',NULL,'Delivery','500396430',340,340,'TRUCKLOAD',123.0,2,'box',NULL,'2016-06-18 12:19:31.466000','2016-06-18 12:19:31.466000',NULL);
INSERT INTO `orders` (id,desired_date,desired_shift,order_type,purchase_order_number,client_id,address_id,mode,volume,unit_quantity,unit_type,load_id,created_at,updated_at,stop_num) VALUES (413,'2014-09-15',NULL,'Delivery','500399375',341,341,'TRUCKLOAD',258.85,13,'box',NULL,'2016-06-18 12:19:31.537415','2016-06-18 12:19:31.537415',NULL);
INSERT INTO `orders` (id,desired_date,desired_shift,order_type,purchase_order_number,client_id,address_id,mode,volume,unit_quantity,unit_type,load_id,created_at,updated_at,stop_num) VALUES (414,'2014-09-15',NULL,'Delivery','500393940',342,342,'TRUCKLOAD',35.94,2,'box',NULL,'2016-06-18 12:19:31.614726','2016-06-18 12:19:31.614726',NULL);
INSERT INTO `orders` (id,desired_date,desired_shift,order_type,purchase_order_number,client_id,address_id,mode,volume,unit_quantity,unit_type,load_id,created_at,updated_at,stop_num) VALUES (415,'2014-09-15',NULL,'Delivery','500393645',343,343,'TRUCKLOAD',15.53,1,'box',NULL,'2016-06-18 12:19:31.682792','2016-06-18 12:19:31.682792',NULL);
INSERT INTO `orders` (id,desired_date,desired_shift,order_type,purchase_order_number,client_id,address_id,mode,volume,unit_quantity,unit_type,load_id,created_at,updated_at,stop_num) VALUES (416,'2014-09-15','N','Delivery','307373285',344,344,'TRUCKLOAD',4.5,1,'box',NULL,'2016-06-18 12:19:31.759822','2016-06-18 12:19:31.759822',NULL);
INSERT INTO `orders` (id,desired_date,desired_shift,order_type,purchase_order_number,client_id,address_id,mode,volume,unit_quantity,unit_type,load_id,created_at,updated_at,stop_num) VALUES (417,'2014-09-15',NULL,'Delivery','500401660',345,345,'TRUCKLOAD',45.66,3,'box',NULL,'2016-06-18 12:19:31.824868','2016-06-18 12:19:31.824868',NULL);
INSERT INTO `orders` (id,desired_date,desired_shift,order_type,purchase_order_number,client_id,address_id,mode,volume,unit_quantity,unit_type,load_id,created_at,updated_at,stop_num) VALUES (418,'2014-09-15',NULL,'Delivery','188137530',346,346,'TRUCKLOAD',6.98,2,'box',NULL,'2016-06-18 12:19:31.890515','2016-06-18 12:19:31.890515',NULL);
INSERT INTO `orders` (id,desired_date,desired_shift,order_type,purchase_order_number,client_id,address_id,mode,volume,unit_quantity,unit_type,load_id,created_at,updated_at,stop_num) VALUES (419,'2014-09-15',NULL,'Delivery','584008760',346,346,'TRUCKLOAD',194.86,8,'box',NULL,'2016-06-18 12:19:31.920901','2016-06-18 12:19:31.920901',NULL);
INSERT INTO `orders` (id,desired_date,desired_shift,order_type,purchase_order_number,client_id,address_id,mode,volume,unit_quantity,unit_type,load_id,created_at,updated_at,stop_num) VALUES (420,'2014-09-15',NULL,'Delivery','584009090',346,346,'TRUCKLOAD',269.93,10,'box',NULL,'2016-06-18 12:19:31.948885','2016-06-18 12:19:31.948885',NULL);
INSERT INTO `orders` (id,desired_date,desired_shift,order_type,purchase_order_number,client_id,address_id,mode,volume,unit_quantity,unit_type,load_id,created_at,updated_at,stop_num) VALUES (421,'2014-09-15',NULL,'Delivery','500399300',347,347,'TRUCKLOAD',69.94,5,'box',NULL,'2016-06-18 12:19:32.043965','2016-06-18 12:19:32.043965',NULL);
INSERT INTO `orders` (id,desired_date,desired_shift,order_type,purchase_order_number,client_id,address_id,mode,volume,unit_quantity,unit_type,load_id,created_at,updated_at,stop_num) VALUES (422,'2014-09-15',NULL,'Delivery','500390005',348,348,'TRUCKLOAD',27.2,8,'box',NULL,'2016-06-18 12:19:32.113328','2016-06-18 12:19:32.113328',NULL);
INSERT INTO `orders` (id,desired_date,desired_shift,order_type,purchase_order_number,client_id,address_id,mode,volume,unit_quantity,unit_type,load_id,created_at,updated_at,stop_num) VALUES (423,'2014-09-15','E','Delivery','591121735',349,349,'TRUCKLOAD',77.3,2,'box',NULL,'2016-06-18 12:19:32.182040','2016-06-18 12:19:32.182040',NULL);
INSERT INTO `orders` (id,desired_date,desired_shift,order_type,purchase_order_number,client_id,address_id,mode,volume,unit_quantity,unit_type,load_id,created_at,updated_at,stop_num) VALUES (424,'2014-09-15',NULL,'Delivery','500402270',350,350,'TRUCKLOAD',31.96,1,'box',NULL,'2016-06-18 12:19:32.251610','2016-06-18 12:19:32.251610',NULL);
INSERT INTO `orders` (id,desired_date,desired_shift,order_type,purchase_order_number,client_id,address_id,mode,volume,unit_quantity,unit_type,load_id,created_at,updated_at,stop_num) VALUES (425,'2014-09-15',NULL,'Delivery','500403030',351,351,'TRUCKLOAD',118.7,9,'box',NULL,'2016-06-18 12:19:32.318569','2016-06-18 12:19:32.318569',NULL);
INSERT INTO `orders` (id,desired_date,desired_shift,order_type,purchase_order_number,client_id,address_id,mode,volume,unit_quantity,unit_type,load_id,created_at,updated_at,stop_num) VALUES (426,'2014-09-15',NULL,'Delivery','500397355',352,352,'TRUCKLOAD',22.94,4,'box',NULL,'2016-06-18 12:19:32.388447','2016-06-18 12:19:32.388447',NULL);
INSERT INTO `orders` (id,desired_date,desired_shift,order_type,purchase_order_number,client_id,address_id,mode,volume,unit_quantity,unit_type,load_id,created_at,updated_at,stop_num) VALUES (427,'2014-09-15',NULL,'Delivery','500398880',353,353,'TRUCKLOAD',53.97,3,'box',NULL,'2016-06-18 12:19:32.455249','2016-06-18 12:19:32.455249',NULL);
INSERT INTO `orders` (id,desired_date,desired_shift,order_type,purchase_order_number,client_id,address_id,mode,volume,unit_quantity,unit_type,load_id,created_at,updated_at,stop_num) VALUES (428,'2014-09-15',NULL,'Delivery','500402570',354,354,'TRUCKLOAD',45.0,3,'box',NULL,'2016-06-18 12:19:32.523718','2016-06-18 12:19:32.523718',NULL);
INSERT INTO `orders` (id,desired_date,desired_shift,order_type,purchase_order_number,client_id,address_id,mode,volume,unit_quantity,unit_type,load_id,created_at,updated_at,stop_num) VALUES (429,'2014-09-15',NULL,'Delivery','500394170',355,355,'TRUCKLOAD',8.2,1,'box',NULL,'2016-06-18 12:19:32.590438','2016-06-18 12:19:32.590438',NULL);
INSERT INTO `orders` (id,desired_date,desired_shift,order_type,purchase_order_number,client_id,address_id,mode,volume,unit_quantity,unit_type,load_id,created_at,updated_at,stop_num) VALUES (430,'2014-09-15',NULL,'Delivery','500397080',356,356,'TRUCKLOAD',15.53,1,'box',NULL,'2016-06-18 12:19:32.661946','2016-06-18 12:19:32.661946',NULL);
INSERT INTO `orders` (id,desired_date,desired_shift,order_type,purchase_order_number,client_id,address_id,mode,volume,unit_quantity,unit_type,load_id,created_at,updated_at,stop_num) VALUES (431,'2014-09-15','E','Delivery','500392015',357,357,'TRUCKLOAD',87.82,6,'box',NULL,'2016-06-18 12:19:32.728310','2016-06-18 12:19:32.728310',NULL);
INSERT INTO `orders` (id,desired_date,desired_shift,order_type,purchase_order_number,client_id,address_id,mode,volume,unit_quantity,unit_type,load_id,created_at,updated_at,stop_num) VALUES (432,'2014-09-16',NULL,'Delivery','500400760',358,358,'TRUCKLOAD',22.62,2,'box',NULL,'2016-06-18 12:19:32.796840','2016-06-18 12:19:32.796840',NULL);
INSERT INTO `orders` (id,desired_date,desired_shift,order_type,purchase_order_number,client_id,address_id,mode,volume,unit_quantity,unit_type,load_id,created_at,updated_at,stop_num) VALUES (433,'2014-09-16',NULL,'Delivery','500400100',359,359,'TRUCKLOAD',56.41,4,'box',NULL,'2016-06-18 12:19:32.863865','2016-06-18 12:19:32.863865',NULL);
INSERT INTO `orders` (id,desired_date,desired_shift,order_type,purchase_order_number,client_id,address_id,mode,volume,unit_quantity,unit_type,load_id,created_at,updated_at,stop_num) VALUES (434,'2014-09-16',NULL,'Delivery','500400090',359,360,'TRUCKLOAD',75.6,2,'box',NULL,'2016-06-18 12:19:32.914465','2016-06-18 12:19:32.914465',NULL);
INSERT INTO `orders` (id,desired_date,desired_shift,order_type,purchase_order_number,client_id,address_id,mode,volume,unit_quantity,unit_type,load_id,created_at,updated_at,stop_num) VALUES (435,'2014-09-16',NULL,'Delivery','500397235',360,361,'TRUCKLOAD',53.3,1,'box',NULL,'2016-06-18 12:19:32.983981','2016-06-18 12:19:32.983981',NULL);
INSERT INTO `orders` (id,desired_date,desired_shift,order_type,purchase_order_number,client_id,address_id,mode,volume,unit_quantity,unit_type,load_id,created_at,updated_at,stop_num) VALUES (436,'2014-09-16',NULL,'Delivery','500398340',361,362,'TRUCKLOAD',137.32,9,'box',NULL,'2016-06-18 12:19:33.051677','2016-06-18 12:19:33.051677',NULL);
INSERT INTO `orders` (id,desired_date,desired_shift,order_type,purchase_order_number,client_id,address_id,mode,volume,unit_quantity,unit_type,load_id,created_at,updated_at,stop_num) VALUES (437,'2014-09-16',NULL,'Delivery','500402730',362,363,'TRUCKLOAD',98.0,2,'box',NULL,'2016-06-18 12:19:33.120832','2016-06-18 12:19:33.120832',NULL);
INSERT INTO `orders` (id,desired_date,desired_shift,order_type,purchase_order_number,client_id,address_id,mode,volume,unit_quantity,unit_type,load_id,created_at,updated_at,stop_num) VALUES (438,'2014-09-16',NULL,'Delivery','591121980',363,364,'TRUCKLOAD',4.12,1,'box',NULL,'2016-06-18 12:19:33.188058','2016-06-18 12:19:33.188058',NULL);
INSERT INTO `orders` (id,desired_date,desired_shift,order_type,purchase_order_number,client_id,address_id,mode,volume,unit_quantity,unit_type,load_id,created_at,updated_at,stop_num) VALUES (439,'2014-09-16',NULL,'Delivery','500399860',364,365,'TRUCKLOAD',46.58,2,'box',NULL,'2016-06-18 12:19:33.257329','2016-06-18 12:19:33.257329',NULL);
INSERT INTO `orders` (id,desired_date,desired_shift,order_type,purchase_order_number,client_id,address_id,mode,volume,unit_quantity,unit_type,load_id,created_at,updated_at,stop_num) VALUES (440,'2014-09-16','M','Delivery','500402240',365,366,'TRUCKLOAD',4.06,1,'box',NULL,'2016-06-18 12:19:33.323771','2016-06-18 12:19:33.323771',NULL);
INSERT INTO `orders` (id,desired_date,desired_shift,order_type,purchase_order_number,client_id,address_id,mode,volume,unit_quantity,unit_type,load_id,created_at,updated_at,stop_num) VALUES (441,'2014-09-16',NULL,'Delivery','500403075',365,366,'TRUCKLOAD',0.0,0,'box',NULL,'2016-06-18 12:19:33.353957','2016-06-18 12:19:33.353957',NULL);
INSERT INTO `orders` (id,desired_date,desired_shift,order_type,purchase_order_number,client_id,address_id,mode,volume,unit_quantity,unit_type,load_id,created_at,updated_at,stop_num) VALUES (442,'2014-09-16',NULL,'Delivery','500396730',366,367,'TRUCKLOAD',28.42,6,'box',NULL,'2016-06-18 12:19:33.452454','2016-06-18 12:19:33.452454',NULL);
INSERT INTO `orders` (id,desired_date,desired_shift,order_type,purchase_order_number,client_id,address_id,mode,volume,unit_quantity,unit_type,load_id,created_at,updated_at,stop_num) VALUES (443,'2014-09-16',NULL,'Delivery','500398850',367,368,'TRUCKLOAD',17.04,4,'box',NULL,'2016-06-18 12:19:33.531788','2016-06-18 12:19:33.531788',NULL);
INSERT INTO `orders` (id,desired_date,desired_shift,order_type,purchase_order_number,client_id,address_id,mode,volume,unit_quantity,unit_type,load_id,created_at,updated_at,stop_num) VALUES (444,'2014-09-16','M','Delivery','500402120',368,369,'TRUCKLOAD',1509.46,50,'box',NULL,'2016-06-18 12:19:33.604179','2016-06-18 12:19:33.604179',NULL);
INSERT INTO `orders` (id,desired_date,desired_shift,order_type,purchase_order_number,client_id,address_id,mode,volume,unit_quantity,unit_type,load_id,created_at,updated_at,stop_num) VALUES (445,'2014-09-16',NULL,'Delivery','500400770',369,370,'TRUCKLOAD',62.19,6,'box',NULL,'2016-06-18 12:19:33.672721','2016-06-18 12:19:33.672721',NULL);
INSERT INTO `orders` (id,desired_date,desired_shift,order_type,purchase_order_number,client_id,address_id,mode,volume,unit_quantity,unit_type,load_id,created_at,updated_at,stop_num) VALUES (446,'2014-09-16',NULL,'Delivery','500396110',370,371,'TRUCKLOAD',72.0,1,'box',NULL,'2016-06-18 12:19:33.738880','2016-06-18 12:19:33.738880',NULL);
INSERT INTO `orders` (id,desired_date,desired_shift,order_type,purchase_order_number,client_id,address_id,mode,volume,unit_quantity,unit_type,load_id,created_at,updated_at,stop_num) VALUES (447,'2014-09-16',NULL,'Delivery','500398985',371,372,'TRUCKLOAD',11.0,1,'box',NULL,'2016-06-18 12:19:33.807538','2016-06-18 12:19:33.807538',NULL);
INSERT INTO `orders` (id,desired_date,desired_shift,order_type,purchase_order_number,client_id,address_id,mode,volume,unit_quantity,unit_type,load_id,created_at,updated_at,stop_num) VALUES (448,'2014-09-16',NULL,'Delivery','500402280',372,373,'TRUCKLOAD',61.2,2,'box',NULL,'2016-06-18 12:19:33.877620','2016-06-18 12:19:33.877620',NULL);
INSERT INTO `orders` (id,desired_date,desired_shift,order_type,purchase_order_number,client_id,address_id,mode,volume,unit_quantity,unit_type,load_id,created_at,updated_at,stop_num) VALUES (449,'2014-09-16',NULL,'Delivery','500398300',373,374,'TRUCKLOAD',232.67,13,'box',NULL,'2016-06-18 12:19:33.949413','2016-06-18 12:19:33.949413',NULL);
INSERT INTO `orders` (id,desired_date,desired_shift,order_type,purchase_order_number,client_id,address_id,mode,volume,unit_quantity,unit_type,load_id,created_at,updated_at,stop_num) VALUES (450,'2014-09-16',NULL,'Delivery','500402690',374,375,'TRUCKLOAD',124.17,8,'box',NULL,'2016-06-18 12:19:34.017466','2016-06-18 12:19:34.017466',NULL);
INSERT INTO `orders` (id,desired_date,desired_shift,order_type,purchase_order_number,client_id,address_id,mode,volume,unit_quantity,unit_type,load_id,created_at,updated_at,stop_num) VALUES (451,'2014-09-16',NULL,'Delivery','500404190',375,376,'TRUCKLOAD',23.92,2,'box',NULL,'2016-06-18 12:19:34.085544','2016-06-18 12:19:34.085544',NULL);
INSERT INTO `orders` (id,desired_date,desired_shift,order_type,purchase_order_number,client_id,address_id,mode,volume,unit_quantity,unit_type,load_id,created_at,updated_at,stop_num) VALUES (452,'2014-09-16',NULL,'Delivery','500404370',375,376,'TRUCKLOAD',4.6,1,'box',NULL,'2016-06-18 12:19:34.114568','2016-06-18 12:19:34.114568',NULL);
INSERT INTO `orders` (id,desired_date,desired_shift,order_type,purchase_order_number,client_id,address_id,mode,volume,unit_quantity,unit_type,load_id,created_at,updated_at,stop_num) VALUES (453,'2014-09-16',NULL,'Delivery','500404720',375,376,'TRUCKLOAD',0.0,0,'box',NULL,'2016-06-18 12:19:34.148019','2016-06-18 12:19:34.148019',NULL);
INSERT INTO `orders` (id,desired_date,desired_shift,order_type,purchase_order_number,client_id,address_id,mode,volume,unit_quantity,unit_type,load_id,created_at,updated_at,stop_num) VALUES (454,'2014-09-16',NULL,'Delivery','500404730',375,376,'TRUCKLOAD',0.0,0,'box',NULL,'2016-06-18 12:19:34.179083','2016-06-18 12:19:34.179083',NULL);
INSERT INTO `orders` (id,desired_date,desired_shift,order_type,purchase_order_number,client_id,address_id,mode,volume,unit_quantity,unit_type,load_id,created_at,updated_at,stop_num) VALUES (455,'2014-09-16',NULL,'Delivery','500402450',376,377,'TRUCKLOAD',201.1,13,'box',NULL,'2016-06-18 12:19:34.249937','2016-06-18 12:19:34.249937',NULL);
INSERT INTO `orders` (id,desired_date,desired_shift,order_type,purchase_order_number,client_id,address_id,mode,volume,unit_quantity,unit_type,load_id,created_at,updated_at,stop_num) VALUES (456,'2014-09-16',NULL,'Delivery','500400070',377,378,'TRUCKLOAD',13.34,1,'box',NULL,'2016-06-18 12:19:34.318673','2016-06-18 12:19:34.318673',NULL);
INSERT INTO `orders` (id,desired_date,desired_shift,order_type,purchase_order_number,client_id,address_id,mode,volume,unit_quantity,unit_type,load_id,created_at,updated_at,stop_num) VALUES (457,'2014-09-16',NULL,'Delivery','500398240',378,379,'TRUCKLOAD',19.18,6,'box',NULL,'2016-06-18 12:19:34.430314','2016-06-18 12:19:34.430314',NULL);
INSERT INTO `orders` (id,desired_date,desired_shift,order_type,purchase_order_number,client_id,address_id,mode,volume,unit_quantity,unit_type,load_id,created_at,updated_at,stop_num) VALUES (458,'2014-09-16',NULL,'Delivery','591121960',379,380,'TRUCKLOAD',7.9,1,'box',NULL,'2016-06-18 12:19:34.495783','2016-06-18 12:19:34.495783',NULL);
INSERT INTO `orders` (id,desired_date,desired_shift,order_type,purchase_order_number,client_id,address_id,mode,volume,unit_quantity,unit_type,load_id,created_at,updated_at,stop_num) VALUES (459,'2014-09-16',NULL,'Delivery','500392465',380,381,'TRUCKLOAD',123.99,7,'box',NULL,'2016-06-18 12:19:34.563890','2016-06-18 12:19:34.563890',NULL);
INSERT INTO `orders` (id,desired_date,desired_shift,order_type,purchase_order_number,client_id,address_id,mode,volume,unit_quantity,unit_type,load_id,created_at,updated_at,stop_num) VALUES (460,'2014-09-16',NULL,'Delivery','500393855',381,382,'TRUCKLOAD',23.23,3,'box',NULL,'2016-06-18 12:19:34.637704','2016-06-18 12:19:34.637704',NULL);
INSERT INTO `orders` (id,desired_date,desired_shift,order_type,purchase_order_number,client_id,address_id,mode,volume,unit_quantity,unit_type,load_id,created_at,updated_at,stop_num) VALUES (461,'2014-09-16',NULL,'Delivery','500401800',382,383,'TRUCKLOAD',88.21,6,'box',NULL,'2016-06-18 12:19:34.705818','2016-06-18 12:19:34.705818',NULL);
INSERT INTO `orders` (id,desired_date,desired_shift,order_type,purchase_order_number,client_id,address_id,mode,volume,unit_quantity,unit_type,load_id,created_at,updated_at,stop_num) VALUES (462,'2014-09-16','E','Delivery','500391430',383,384,'TRUCKLOAD',52.85,9,'box',NULL,'2016-06-18 12:19:34.775242','2016-06-18 12:19:34.775242',NULL);
INSERT INTO `orders` (id,desired_date,desired_shift,order_type,purchase_order_number,client_id,address_id,mode,volume,unit_quantity,unit_type,load_id,created_at,updated_at,stop_num) VALUES (463,'2014-09-16',NULL,'Delivery','500366745',384,385,'TRUCKLOAD',123.56,7,'box',NULL,'2016-06-18 12:19:34.880387','2016-06-18 12:19:34.880387',NULL);
INSERT INTO `orders` (id,desired_date,desired_shift,order_type,purchase_order_number,client_id,address_id,mode,volume,unit_quantity,unit_type,load_id,created_at,updated_at,stop_num) VALUES (464,'2014-09-16',NULL,'Delivery','500403130',385,386,'TRUCKLOAD',15.85,1,'box',NULL,'2016-06-18 12:19:34.951301','2016-06-18 12:19:34.951301',NULL);
INSERT INTO `orders` (id,desired_date,desired_shift,order_type,purchase_order_number,client_id,address_id,mode,volume,unit_quantity,unit_type,load_id,created_at,updated_at,stop_num) VALUES (465,'2014-09-16',NULL,'Delivery','500400840',386,387,'TRUCKLOAD',120.0,2,'box',NULL,'2016-06-18 12:19:35.020270','2016-06-18 12:19:35.020270',NULL);
INSERT INTO `orders` (id,desired_date,desired_shift,order_type,purchase_order_number,client_id,address_id,mode,volume,unit_quantity,unit_type,load_id,created_at,updated_at,stop_num) VALUES (466,'2014-09-16',NULL,'Delivery','500403635',335,335,'TRUCKLOAD',0.0,0,'box',NULL,'2016-06-18 12:19:35.049217','2016-06-18 12:19:35.049217',NULL);
INSERT INTO `clients` (id,name,phone,created_at,updated_at) VALUES (321,'Lonnie Lind','699.480.1907','2016-06-18 12:19:30.083457','2016-06-18 12:19:30.083457');
INSERT INTO `clients` (id,name,phone,created_at,updated_at) VALUES (322,'Halle Metz','131.601.7742 x29127','2016-06-18 12:19:30.157034','2016-06-18 12:19:30.157034');
INSERT INTO `clients` (id,name,phone,created_at,updated_at) VALUES (323,'Louie Mills','1-598-007-0587 x8118','2016-06-18 12:19:30.224556','2016-06-18 12:19:30.224556');
INSERT INTO `clients` (id,name,phone,created_at,updated_at) VALUES (324,'Soledad Buckridge','680-182-5990','2016-06-18 12:19:30.290057','2016-06-18 12:19:30.290057');
INSERT INTO `clients` (id,name,phone,created_at,updated_at) VALUES (325,'Felicita Hayes DVM','(947)904-7086','2016-06-18 12:19:30.354675','2016-06-18 12:19:30.354675');
INSERT INTO `clients` (id,name,phone,created_at,updated_at) VALUES (326,'Josie Jacobs','179-459-2512','2016-06-18 12:19:30.449811','2016-06-18 12:19:30.449811');
INSERT INTO `clients` (id,name,phone,created_at,updated_at) VALUES (327,'Santina Harber','179-842-7229 x975','2016-06-18 12:19:30.516273','2016-06-18 12:19:30.516273');
INSERT INTO `clients` (id,name,phone,created_at,updated_at) VALUES (328,'Eldora Kessler','601.869.7641','2016-06-18 12:19:30.581855','2016-06-18 12:19:30.581855');
INSERT INTO `clients` (id,name,phone,created_at,updated_at) VALUES (329,'Chelsey Braun','(845)236-7280 x922','2016-06-18 12:19:30.686412','2016-06-18 12:19:30.686412');
INSERT INTO `clients` (id,name,phone,created_at,updated_at) VALUES (330,'Pasquale Nicolas Sr.','645.280.7217','2016-06-18 12:19:30.750925','2016-06-18 12:19:30.750925');
INSERT INTO `clients` (id,name,phone,created_at,updated_at) VALUES (331,'Makenna Hoppe Sr.','1-279-219-9792 x686','2016-06-18 12:19:30.816449','2016-06-18 12:19:30.816449');
INSERT INTO `clients` (id,name,phone,created_at,updated_at) VALUES (332,'Helga Walker','362.489.5193 x0288','2016-06-18 12:19:30.882410','2016-06-18 12:19:30.882410');
INSERT INTO `clients` (id,name,phone,created_at,updated_at) VALUES (333,'Chandler Marvin','(975)969-6094 x0040','2016-06-18 12:19:30.950020','2016-06-18 12:19:30.950020');
INSERT INTO `clients` (id,name,phone,created_at,updated_at) VALUES (334,'Ezekiel Powlowski MD','897-523-9428','2016-06-18 12:19:31.017522','2016-06-18 12:19:31.017522');
INSERT INTO `clients` (id,name,phone,created_at,updated_at) VALUES (335,'Jordan Feeney','240.701.5669 x26792','2016-06-18 12:19:31.083432','2016-06-18 12:19:31.083432');
INSERT INTO `clients` (id,name,phone,created_at,updated_at) VALUES (336,'Ruben Dibbert','1-643-004-9797 x307','2016-06-18 12:19:31.180251','2016-06-18 12:19:31.180251');
INSERT INTO `clients` (id,name,phone,created_at,updated_at) VALUES (337,'Erich Klein','(665)001-3965 x0901','2016-06-18 12:19:31.245097','2016-06-18 12:19:31.245097');
INSERT INTO `clients` (id,name,phone,created_at,updated_at) VALUES (338,'Delia Boyle','685.190.4219 x8392','2016-06-18 12:19:31.312736','2016-06-18 12:19:31.312736');
INSERT INTO `clients` (id,name,phone,created_at,updated_at) VALUES (339,'Germaine Purdy DVM','400-054-8582','2016-06-18 12:19:31.381444','2016-06-18 12:19:31.381444');
INSERT INTO `clients` (id,name,phone,created_at,updated_at) VALUES (340,'Mohamed O''Kon V','(809)674-4024 x042','2016-06-18 12:19:31.447920','2016-06-18 12:19:31.447920');
INSERT INTO `clients` (id,name,phone,created_at,updated_at) VALUES (341,'Neoma Beahan','992.833.6668 x0930','2016-06-18 12:19:31.516910','2016-06-18 12:19:31.516910');
INSERT INTO `clients` (id,name,phone,created_at,updated_at) VALUES (342,'Cameron Bayer III','972-259-2754 x508','2016-06-18 12:19:31.593256','2016-06-18 12:19:31.593256');
INSERT INTO `clients` (id,name,phone,created_at,updated_at) VALUES (343,'Dr. Hettie Conroy','1-404-888-3360','2016-06-18 12:19:31.663774','2016-06-18 12:19:31.663774');
INSERT INTO `clients` (id,name,phone,created_at,updated_at) VALUES (344,'Mr. Myles Bartoletti','(847)142-9446','2016-06-18 12:19:31.742591','2016-06-18 12:19:31.742591');
INSERT INTO `clients` (id,name,phone,created_at,updated_at) VALUES (345,'Kaitlyn Bechtelar','1-895-848-9716','2016-06-18 12:19:31.806046','2016-06-18 12:19:31.806046');
INSERT INTO `clients` (id,name,phone,created_at,updated_at) VALUES (346,'Orlo Altenwerth','582-859-0777 x362','2016-06-18 12:19:31.871202','2016-06-18 12:19:31.871202');
INSERT INTO `clients` (id,name,phone,created_at,updated_at) VALUES (347,'Miss Myrna Cormier','(272)571-2628 x68966','2016-06-18 12:19:32.026332','2016-06-18 12:19:32.026332');
INSERT INTO `clients` (id,name,phone,created_at,updated_at) VALUES (348,'Theron McDermott DVM','1-928-026-5855 x5825','2016-06-18 12:19:32.094190','2016-06-18 12:19:32.094190');
INSERT INTO `clients` (id,name,phone,created_at,updated_at) VALUES (349,'Dr. Lela Little','826-158-5054 x20963','2016-06-18 12:19:32.162716','2016-06-18 12:19:32.162716');
INSERT INTO `clients` (id,name,phone,created_at,updated_at) VALUES (350,'Andrew Reilly','(505)748-1350','2016-06-18 12:19:32.231714','2016-06-18 12:19:32.231714');
INSERT INTO `clients` (id,name,phone,created_at,updated_at) VALUES (351,'Annie Kuhn','1-285-249-3697 x54971','2016-06-18 12:19:32.298466','2016-06-18 12:19:32.298466');
INSERT INTO `clients` (id,name,phone,created_at,updated_at) VALUES (352,'Angelina Bogan','(206)159-6613 x286','2016-06-18 12:19:32.366800','2016-06-18 12:19:32.366800');
INSERT INTO `clients` (id,name,phone,created_at,updated_at) VALUES (353,'Rey Gibson','171.588.4901 x020','2016-06-18 12:19:32.436027','2016-06-18 12:19:32.436027');
INSERT INTO `clients` (id,name,phone,created_at,updated_at) VALUES (354,'Linda Funk','(372)359-1779','2016-06-18 12:19:32.503982','2016-06-18 12:19:32.503982');
INSERT INTO `clients` (id,name,phone,created_at,updated_at) VALUES (355,'Dion Armstrong I','1-472-809-1775 x7143','2016-06-18 12:19:32.570888','2016-06-18 12:19:32.570888');
INSERT INTO `clients` (id,name,phone,created_at,updated_at) VALUES (356,'Amara Bergnaum','629.749.4962 x87240','2016-06-18 12:19:32.642828','2016-06-18 12:19:32.642828');
INSERT INTO `clients` (id,name,phone,created_at,updated_at) VALUES (357,'Frederic Moen','(243)965-1317','2016-06-18 12:19:32.709435','2016-06-18 12:19:32.709435');
INSERT INTO `clients` (id,name,phone,created_at,updated_at) VALUES (358,'Kathryne Kuphal','1-403-432-3903 x060','2016-06-18 12:19:32.776841','2016-06-18 12:19:32.776841');
INSERT INTO `clients` (id,name,phone,created_at,updated_at) VALUES (359,'Shayne Dooley','(372)327-5842','2016-06-18 12:19:32.844989','2016-06-18 12:19:32.844989');
INSERT INTO `clients` (id,name,phone,created_at,updated_at) VALUES (360,'Benjamin Waelchi','1-204-475-6016 x61918','2016-06-18 12:19:32.962970','2016-06-18 12:19:32.962970');
INSERT INTO `clients` (id,name,phone,created_at,updated_at) VALUES (361,'Grover Gutkowski','1-904-212-7087 x4974','2016-06-18 12:19:33.032134','2016-06-18 12:19:33.032134');
INSERT INTO `clients` (id,name,phone,created_at,updated_at) VALUES (362,'Mr. Vincenzo Ortiz','(936)977-2566 x5225','2016-06-18 12:19:33.099609','2016-06-18 12:19:33.099609');
INSERT INTO `clients` (id,name,phone,created_at,updated_at) VALUES (363,'Wilmer Satterfield II','1-549-112-4505 x24203','2016-06-18 12:19:33.169219','2016-06-18 12:19:33.169219');
INSERT INTO `clients` (id,name,phone,created_at,updated_at) VALUES (364,'Keara Moore','890.387.9106','2016-06-18 12:19:33.237877','2016-06-18 12:19:33.237877');
INSERT INTO `clients` (id,name,phone,created_at,updated_at) VALUES (365,'Dameon Braun','(766)040-3041','2016-06-18 12:19:33.304444','2016-06-18 12:19:33.304444');
INSERT INTO `clients` (id,name,phone,created_at,updated_at) VALUES (366,'Ms. Ashley Stokes','1-134-429-1889 x611','2016-06-18 12:19:33.432294','2016-06-18 12:19:33.432294');
INSERT INTO `clients` (id,name,phone,created_at,updated_at) VALUES (367,'Glen Christiansen I','(965)072-8488 x36571','2016-06-18 12:19:33.503983','2016-06-18 12:19:33.503983');
INSERT INTO `clients` (id,name,phone,created_at,updated_at) VALUES (368,'Ewald Lehner','830.110.7519 x45841','2016-06-18 12:19:33.585045','2016-06-18 12:19:33.585045');
INSERT INTO `clients` (id,name,phone,created_at,updated_at) VALUES (369,'Einar Hayes','(376)692-2485 x379','2016-06-18 12:19:33.653375','2016-06-18 12:19:33.653375');
INSERT INTO `clients` (id,name,phone,created_at,updated_at) VALUES (370,'Miss Antonina Klocko','(308)196-2507','2016-06-18 12:19:33.719815','2016-06-18 12:19:33.719815');
INSERT INTO `clients` (id,name,phone,created_at,updated_at) VALUES (371,'Dr. Ressie Heathcote','824.352.5233 x434','2016-06-18 12:19:33.786947','2016-06-18 12:19:33.786947');
INSERT INTO `clients` (id,name,phone,created_at,updated_at) VALUES (372,'Miss Coty Bechtelar','827-749-5152','2016-06-18 12:19:33.858066','2016-06-18 12:19:33.858066');
INSERT INTO `clients` (id,name,phone,created_at,updated_at) VALUES (373,'Giovanny Doyle','1-865-534-3865 x148','2016-06-18 12:19:33.928712','2016-06-18 12:19:33.928712');
INSERT INTO `clients` (id,name,phone,created_at,updated_at) VALUES (374,'Griffin Schultz','232.375.7960 x9533','2016-06-18 12:19:33.996990','2016-06-18 12:19:33.996990');
INSERT INTO `clients` (id,name,phone,created_at,updated_at) VALUES (375,'German Koelpin','465-463-4350','2016-06-18 12:19:34.065810','2016-06-18 12:19:34.065810');
INSERT INTO `clients` (id,name,phone,created_at,updated_at) VALUES (376,'Abbey Kiehn','636.386.5708','2016-06-18 12:19:34.230054','2016-06-18 12:19:34.230054');
INSERT INTO `clients` (id,name,phone,created_at,updated_at) VALUES (377,'Ines Nader','604-889-7503','2016-06-18 12:19:34.298742','2016-06-18 12:19:34.298742');
INSERT INTO `clients` (id,name,phone,created_at,updated_at) VALUES (378,'Carlotta Grant','(354)963-4320 x89363','2016-06-18 12:19:34.367734','2016-06-18 12:19:34.367734');
INSERT INTO `clients` (id,name,phone,created_at,updated_at) VALUES (379,'Esteban O''Connell','767-616-3976','2016-06-18 12:19:34.476861','2016-06-18 12:19:34.476861');
INSERT INTO `clients` (id,name,phone,created_at,updated_at) VALUES (380,'Bryon Feeney III','(205)765-8360 x854','2016-06-18 12:19:34.545556','2016-06-18 12:19:34.545556');
INSERT INTO `clients` (id,name,phone,created_at,updated_at) VALUES (381,'Pete Roob DVM','574-989-1684 x1290','2016-06-18 12:19:34.618987','2016-06-18 12:19:34.618987');
INSERT INTO `clients` (id,name,phone,created_at,updated_at) VALUES (382,'Augusta Wiegand','(822)825-5809 x759','2016-06-18 12:19:34.686481','2016-06-18 12:19:34.686481');
INSERT INTO `clients` (id,name,phone,created_at,updated_at) VALUES (383,'Karlee Bashirian DVM','1-561-657-1804 x78368','2016-06-18 12:19:34.756598','2016-06-18 12:19:34.756598');
INSERT INTO `clients` (id,name,phone,created_at,updated_at) VALUES (384,'Rocky Davis','146.020.1808 x61600','2016-06-18 12:19:34.860309','2016-06-18 12:19:34.860309');
INSERT INTO `clients` (id,name,phone,created_at,updated_at) VALUES (385,'Monroe Padberg','(550)052-8500 x4157','2016-06-18 12:19:34.932235','2016-06-18 12:19:34.932235');
INSERT INTO `clients` (id,name,phone,created_at,updated_at) VALUES (386,'Nadia Jakubowski','(987)698-4008 x043','2016-06-18 12:19:35.000569','2016-06-18 12:19:35.000569');
INSERT INTO `addresses` (id,raw_line,zipcode,city,state,country,created_at,updated_at) VALUES (321,'6562 PROSPECT ROAD',28364,'MAXTON','NC','US','2016-06-18 12:19:30.020068','2016-06-18 12:19:30.020068');
INSERT INTO `addresses` (id,raw_line,zipcode,city,state,country,created_at,updated_at) VALUES (322,'105 SILVER BERRY CT',28376,'RAEFORD','NC','US','2016-06-18 12:19:30.133749','2016-06-18 12:19:30.133749');
INSERT INTO `addresses` (id,raw_line,zipcode,city,state,country,created_at,updated_at) VALUES (323,'2315 QWIGLEY COURT',28376,'RAEFORD','NC','US','2016-06-18 12:19:30.201210','2016-06-18 12:19:30.201210');
INSERT INTO `addresses` (id,raw_line,zipcode,city,state,country,created_at,updated_at) VALUES (324,'120 QUAIL RD',28376,'RAEFORD','NC','US','2016-06-18 12:19:30.267210','2016-06-18 12:19:30.267210');
INSERT INTO `addresses` (id,raw_line,zipcode,city,state,country,created_at,updated_at) VALUES (325,'6041 GOLDEN RAIN DRIVE',28314,'FAYETTEVILLE','NC','US','2016-06-18 12:19:30.334125','2016-06-18 12:19:30.334125');
INSERT INTO `addresses` (id,raw_line,zipcode,city,state,country,created_at,updated_at) VALUES (326,'6016 CROWN RIDGE COURT',28314,'FAYETTEVILLE','NC','US','2016-06-18 12:19:30.427980','2016-06-18 12:19:30.427980');
INSERT INTO `addresses` (id,raw_line,zipcode,city,state,country,created_at,updated_at) VALUES (327,'9032 GROUSE RUN LANE',28314,'FAYETTEVILLE','NC','US','2016-06-18 12:19:30.493248','2016-06-18 12:19:30.493248');
INSERT INTO `addresses` (id,raw_line,zipcode,city,state,country,created_at,updated_at) VALUES (328,'8347 JUDY DRIVE',28314,'FAYETTEVILLE','NC','US','2016-06-18 12:19:30.559863','2016-06-18 12:19:30.559863');
INSERT INTO `addresses` (id,raw_line,zipcode,city,state,country,created_at,updated_at) VALUES (329,'1579 ROSSMERE DRIVE',28314,'FAYETTEVILLE','NC','US','2016-06-18 12:19:30.663664','2016-06-18 12:19:30.663664');
INSERT INTO `addresses` (id,raw_line,zipcode,city,state,country,created_at,updated_at) VALUES (330,'182 LOCHWOOD DRIVE',28376,'RAEFORD','NC','US','2016-06-18 12:19:30.729953','2016-06-18 12:19:30.729953');
INSERT INTO `addresses` (id,raw_line,zipcode,city,state,country,created_at,updated_at) VALUES (331,'107 DEERLODGE COURT',28376,'RAEFORD','NC','US','2016-06-18 12:19:30.794473','2016-06-18 12:19:30.794473');
INSERT INTO `addresses` (id,raw_line,zipcode,city,state,country,created_at,updated_at) VALUES (332,'1976 CULPEPPER LANE',28304,'FAYETTEVILLE','NC','US','2016-06-18 12:19:30.859969','2016-06-18 12:19:30.859969');
INSERT INTO `addresses` (id,raw_line,zipcode,city,state,country,created_at,updated_at) VALUES (333,'3405 CASTLEFIELD LANE',28306,'FAYETTEVILLE','NC','US','2016-06-18 12:19:30.928535','2016-06-18 12:19:30.928535');
INSERT INTO `addresses` (id,raw_line,zipcode,city,state,country,created_at,updated_at) VALUES (334,'1805 1 SARDONYX ROAD',28303,'FAYETTEVILLE','NC','US','2016-06-18 12:19:30.995890','2016-06-18 12:19:30.995890');
INSERT INTO `addresses` (id,raw_line,zipcode,city,state,country,created_at,updated_at) VALUES (335,'912 TAMARACK DR APT 11115',28311,'FAYETTEVILLE','NC','US','2016-06-18 12:19:31.061470','2016-06-18 12:19:31.061470');
INSERT INTO `addresses` (id,raw_line,zipcode,city,state,country,created_at,updated_at) VALUES (336,'799 MAGELLAN DRIVE',28311,'FAYETTEVILLE','NC','US','2016-06-18 12:19:31.157583','2016-06-18 12:19:31.157583');
INSERT INTO `addresses` (id,raw_line,zipcode,city,state,country,created_at,updated_at) VALUES (337,'3429 GABLES DRIVE',28311,'FAYETTEVILLE','NC','US','2016-06-18 12:19:31.224263','2016-06-18 12:19:31.224263');
INSERT INTO `addresses` (id,raw_line,zipcode,city,state,country,created_at,updated_at) VALUES (338,'3000 COOLEE CIRCLE',28311,'FAYETTEVILLE','NC','US','2016-06-18 12:19:31.289596','2016-06-18 12:19:31.289596');
INSERT INTO `addresses` (id,raw_line,zipcode,city,state,country,created_at,updated_at) VALUES (339,'1040 WILD PINE DRIVE',28312,'FAYETTEVILLE','NC','US','2016-06-18 12:19:31.360243','2016-06-18 12:19:31.360243');
INSERT INTO `addresses` (id,raw_line,zipcode,city,state,country,created_at,updated_at) VALUES (340,'2730 CREEK MEADOW PL, APT 142',28304,'FAYETTEVILLE','NC','US','2016-06-18 12:19:31.424571','2016-06-18 12:19:31.424571');
INSERT INTO `addresses` (id,raw_line,zipcode,city,state,country,created_at,updated_at) VALUES (341,'6319 RAEFORD ROAD, APT 46',28304,'FAYETTEVILLE','NC','US','2016-06-18 12:19:31.492267','2016-06-18 12:19:31.492267');
INSERT INTO `addresses` (id,raw_line,zipcode,city,state,country,created_at,updated_at) VALUES (342,'3551 DORADO CIRCLE APT 106',28304,'FAYETTEVILLE','NC','US','2016-06-18 12:19:31.563439','2016-06-18 12:19:31.563439');
INSERT INTO `addresses` (id,raw_line,zipcode,city,state,country,created_at,updated_at) VALUES (343,'1057 GLEN REILLY DRIVE',28314,'FAYETTEVILLE','NC','US','2016-06-18 12:19:31.639753','2016-06-18 12:19:31.639753');
INSERT INTO `addresses` (id,raw_line,zipcode,city,state,country,created_at,updated_at) VALUES (344,'7112 RYAN STREET, LOCH LOMOND SUB',28314,'FAYETTEVILLE','NC','US','2016-06-18 12:19:31.720303','2016-06-18 12:19:31.720303');
INSERT INTO `addresses` (id,raw_line,zipcode,city,state,country,created_at,updated_at) VALUES (345,'5075 MORGANTON RD',28314,'FAYETTEVILLE','NC','US','2016-06-18 12:19:31.783980','2016-06-18 12:19:31.783980');
INSERT INTO `addresses` (id,raw_line,zipcode,city,state,country,created_at,updated_at) VALUES (346,'5075 MORGANTON ROAD',28314,'FAYETTEVILLE','NC','US','2016-06-18 12:19:31.848837','2016-06-18 12:19:31.848837');
INSERT INTO `addresses` (id,raw_line,zipcode,city,state,country,created_at,updated_at) VALUES (347,'358 LYNHURST DRIVE',28314,'FAYETTEVILLE','NC','US','2016-06-18 12:19:32.003466','2016-06-18 12:19:32.003466');
INSERT INTO `addresses` (id,raw_line,zipcode,city,state,country,created_at,updated_at) VALUES (348,'201 WATERDOWN DRIVE APT 8',28314,'FAYETTEVILLE','NC','US','2016-06-18 12:19:32.070585','2016-06-18 12:19:32.070585');
INSERT INTO `addresses` (id,raw_line,zipcode,city,state,country,created_at,updated_at) VALUES (349,'351 Sawtooth Dr, Apt 4',28314,'FAYETTEVILLE','NC','US','2016-06-18 12:19:32.141093','2016-06-18 12:19:32.141093');
INSERT INTO `addresses` (id,raw_line,zipcode,city,state,country,created_at,updated_at) VALUES (350,'627 GARFIELD DRIVE',28303,'FAYETTEVILLE','NC','US','2016-06-18 12:19:32.208811','2016-06-18 12:19:32.208811');
INSERT INTO `addresses` (id,raw_line,zipcode,city,state,country,created_at,updated_at) VALUES (351,'405 BERNSTEIN STREET',28307,'FORT BRAGG','NC','US','2016-06-18 12:19:32.276586','2016-06-18 12:19:32.276586');
INSERT INTO `addresses` (id,raw_line,zipcode,city,state,country,created_at,updated_at) VALUES (352,'716 HERMAN PLACE',28307,'FORT BRAGG','NC','US','2016-06-18 12:19:32.344979','2016-06-18 12:19:32.344979');
INSERT INTO `addresses` (id,raw_line,zipcode,city,state,country,created_at,updated_at) VALUES (353,'100  C PINECREST CIR',28390,'SPRING LAKE','NC','US','2016-06-18 12:19:32.413486','2016-06-18 12:19:32.413486');
INSERT INTO `addresses` (id,raw_line,zipcode,city,state,country,created_at,updated_at) VALUES (354,'320 ORCHARD FALLS DR',28390,'SPRING LAKE','NC','US','2016-06-18 12:19:32.480965','2016-06-18 12:19:32.480965');
INSERT INTO `addresses` (id,raw_line,zipcode,city,state,country,created_at,updated_at) VALUES (355,'21 MAYFLOWER COURT',28326,'CAMERON','NC','US','2016-06-18 12:19:32.548562','2016-06-18 12:19:32.548562');
INSERT INTO `addresses` (id,raw_line,zipcode,city,state,country,created_at,updated_at) VALUES (356,'67 WHITE OAK CIR',27332,'SANFORD','NC','US','2016-06-18 12:19:32.617319','2016-06-18 12:19:32.617319');
INSERT INTO `addresses` (id,raw_line,zipcode,city,state,country,created_at,updated_at) VALUES (357,'338 DICKS HILL ROAD',28327,'CARTHAGE','NC','US','2016-06-18 12:19:32.687219','2016-06-18 12:19:32.687219');
INSERT INTO `addresses` (id,raw_line,zipcode,city,state,country,created_at,updated_at) VALUES (358,'6653 HILLBROOK ROAD',28348,'HOPE MILLS','NC','US','2016-06-18 12:19:32.754559','2016-06-18 12:19:32.754559');
INSERT INTO `addresses` (id,raw_line,zipcode,city,state,country,created_at,updated_at) VALUES (359,'561 GRAND WAILEA DRIVE, APT 518',28348,'HOPE MILLS','NC','US','2016-06-18 12:19:32.822673','2016-06-18 12:19:32.822673');
INSERT INTO `addresses` (id,raw_line,zipcode,city,state,country,created_at,updated_at) VALUES (360,'561 GRAND WAILER DRIVE, APT 518',28348,'HOPE MILLS','NC','US','2016-06-18 12:19:32.889964','2016-06-18 12:19:32.889964');
INSERT INTO `addresses` (id,raw_line,zipcode,city,state,country,created_at,updated_at) VALUES (361,'3935 HUNTING PATH DRIVE',28348,'HOPE MILLS','NC','US','2016-06-18 12:19:32.939304','2016-06-18 12:19:32.939304');
INSERT INTO `addresses` (id,raw_line,zipcode,city,state,country,created_at,updated_at) VALUES (362,'3026 TOTLEY DR',28306,'FAYETTEVILLE','NC','US','2016-06-18 12:19:33.008715','2016-06-18 12:19:33.008715');
INSERT INTO `addresses` (id,raw_line,zipcode,city,state,country,created_at,updated_at) VALUES (363,'2551 SILVER BELL LOOP',28304,'FAYETTEVILLE','NC','US','2016-06-18 12:19:33.076749','2016-06-18 12:19:33.076749');
INSERT INTO `addresses` (id,raw_line,zipcode,city,state,country,created_at,updated_at) VALUES (364,'2020 WOOD DUCK DRIVE',28304,'FAYETTEVILLE','NC','US','2016-06-18 12:19:33.145363','2016-06-18 12:19:33.145363');
INSERT INTO `addresses` (id,raw_line,zipcode,city,state,country,created_at,updated_at) VALUES (365,'5995 LAKEPORT CIR',28304,'FAYETTEVILLE','NC','US','2016-06-18 12:19:33.214452','2016-06-18 12:19:33.214452');
INSERT INTO `addresses` (id,raw_line,zipcode,city,state,country,created_at,updated_at) VALUES (366,'5013 YORKCHESTER DRIVE',28314,'FAYETTEVILLE','NC','US','2016-06-18 12:19:33.282277','2016-06-18 12:19:33.282277');
INSERT INTO `addresses` (id,raw_line,zipcode,city,state,country,created_at,updated_at) VALUES (367,'1853 ELLIE AVENUE',28314,'FAYETTEVILLE','NC','US','2016-06-18 12:19:33.410229','2016-06-18 12:19:33.410229');
INSERT INTO `addresses` (id,raw_line,zipcode,city,state,country,created_at,updated_at) VALUES (368,'7228 CLEAR SPRING DRIVE',28314,'FAYETTEVILLE','NC','US','2016-06-18 12:19:33.478459','2016-06-18 12:19:33.478459');
INSERT INTO `addresses` (id,raw_line,zipcode,city,state,country,created_at,updated_at) VALUES (369,'1316 SHOSHONE DRIVE PLACE',28314,'FAYETTEVILLE','NC','US','2016-06-18 12:19:33.562810','2016-06-18 12:19:33.562810');
INSERT INTO `addresses` (id,raw_line,zipcode,city,state,country,created_at,updated_at) VALUES (370,'1309 KERSHAW 100 P APT 222',28314,'FAYETTEVILLE','NC','US','2016-06-18 12:19:33.630163','2016-06-18 12:19:33.630163');
INSERT INTO `addresses` (id,raw_line,zipcode,city,state,country,created_at,updated_at) VALUES (371,'3441 DORADO CIRCLE, UNIT 306',28304,'FAYETTEVILLE','NC','US','2016-06-18 12:19:33.696852','2016-06-18 12:19:33.696852');
INSERT INTO `addresses` (id,raw_line,zipcode,city,state,country,created_at,updated_at) VALUES (372,'173 NANDINA COURT',28311,'FAYETTEVILLE','NC','US','2016-06-18 12:19:33.764790','2016-06-18 12:19:33.764790');
INSERT INTO `addresses` (id,raw_line,zipcode,city,state,country,created_at,updated_at) VALUES (373,'1013 BUCKNELL RD',28311,'FAYETTEVILLE','NC','US','2016-06-18 12:19:33.834924','2016-06-18 12:19:33.834924');
INSERT INTO `addresses` (id,raw_line,zipcode,city,state,country,created_at,updated_at) VALUES (374,'236 SILVER OAKS DRIVE',28311,'FAYETTEVILLE','NC','US','2016-06-18 12:19:33.906440','2016-06-18 12:19:33.906440');
INSERT INTO `addresses` (id,raw_line,zipcode,city,state,country,created_at,updated_at) VALUES (375,'1390 REGATTA STREET, APT 313',28301,'FAYETTEVILLE','NC','US','2016-06-18 12:19:33.974949','2016-06-18 12:19:33.974949');
INSERT INTO `addresses` (id,raw_line,zipcode,city,state,country,created_at,updated_at) VALUES (376,'205 STAR HILL AVE',28303,'FAYETTEVILLE','NC','US','2016-06-18 12:19:34.043035','2016-06-18 12:19:34.043035');
INSERT INTO `addresses` (id,raw_line,zipcode,city,state,country,created_at,updated_at) VALUES (377,'905 MILLER ST',28304,'FAYETTEVILLE','NC','US','2016-06-18 12:19:34.207220','2016-06-18 12:19:34.207220');
INSERT INTO `addresses` (id,raw_line,zipcode,city,state,country,created_at,updated_at) VALUES (378,'7201 TORTOLA DRIVE',28306,'FAYETTEVILLE','NC','US','2016-06-18 12:19:34.276197','2016-06-18 12:19:34.276197');
INSERT INTO `addresses` (id,raw_line,zipcode,city,state,country,created_at,updated_at) VALUES (379,'191 WOLFBRIDGE DR',28376,'RAEFORD','NC','US','2016-06-18 12:19:34.343846','2016-06-18 12:19:34.343846');
INSERT INTO `addresses` (id,raw_line,zipcode,city,state,country,created_at,updated_at) VALUES (380,'164 AUTUMN LANE',28376,'RAEFORD','NC','US','2016-06-18 12:19:34.454580','2016-06-18 12:19:34.454580');
INSERT INTO `addresses` (id,raw_line,zipcode,city,state,country,created_at,updated_at) VALUES (381,'740 SUN ROAD',28315,'ABERDEEN','NC','US','2016-06-18 12:19:34.522406','2016-06-18 12:19:34.522406');
INSERT INTO `addresses` (id,raw_line,zipcode,city,state,country,created_at,updated_at) VALUES (382,'88 CHASE STREET',28326,'CAMERON','NC','US','2016-06-18 12:19:34.595728','2016-06-18 12:19:34.595728');
INSERT INTO `addresses` (id,raw_line,zipcode,city,state,country,created_at,updated_at) VALUES (383,'45 AGODN LANDING',28326,'CAMERON','NC','US','2016-06-18 12:19:34.663219','2016-06-18 12:19:34.663219');
INSERT INTO `addresses` (id,raw_line,zipcode,city,state,country,created_at,updated_at) VALUES (384,'645 ANDERSON CREEK DRIVE',28390,'SPRING LAKE','NC','US','2016-06-18 12:19:34.734081','2016-06-18 12:19:34.734081');
INSERT INTO `addresses` (id,raw_line,zipcode,city,state,country,created_at,updated_at) VALUES (385,'26 DOUVE PLACE',28307,'FORT BRAGG','NC','US','2016-06-18 12:19:34.805628','2016-06-18 12:19:34.805628');
INSERT INTO `addresses` (id,raw_line,zipcode,city,state,country,created_at,updated_at) VALUES (386,'179 LEHAM STREET',28307,'FORT BRAGG','NC','US','2016-06-18 12:19:34.908068','2016-06-18 12:19:34.908068');
INSERT INTO `addresses` (id,raw_line,zipcode,city,state,country,created_at,updated_at) VALUES (387,'1411 CANYON LAND COURT, APT 192',28303,'FAYETTEVILLE','NC','US','2016-06-18 12:19:34.976275','2016-06-18 12:19:34.976275');

